time,open,high,low,close,Wk POC,Wk VAH,Wk VAL,Mo POC,Mo VAH,Mo VAL,Active SL,Active TP2,Active TP1,Active TP3,Sell SL,Sell TP2,Sell TP1,Sell TP3,Bull Divergence,Bear Div Warning
1783962000,0.57566,0.57588,0.5744,0.57503,,,,0.56950075,0.5729508999999999,0.5663212,,,,,,,,,0,0
1783976400,0.57497,0.57804,0.57474,0.57773,0.5752251,0.5776112,0.5748014,0.56950075,0.5732214999999999,0.5660506,,,,,,,,,0,1
1783990800,0.57772,0.57956,0.5775,0.57894,0.5775218,0.5786827999999999,0.57569,0.5698451,0.5739101999999999,0.5660556,,,,,,,,,0,1
1784005200,0.57894,0.58013,0.57832,0.5797,0.57832505,0.5796143,0.5759471,0.56958275,0.5745335,0.56578,,,,,,,,,0,1
1784019600,0.57972,0.58458,0.57952,0.58205,0.5783193,0.5788792,0.5750108,0.569634,0.57518,0.5659679999999999,,,,,,,,,0,1
1784034000,0.58204,0.58294,0.58023,0.58125,0.5783193,0.579999,0.5747054,0.569634,0.5757439999999999,0.5659679999999999,,,,,,,,,0,1
1784048400,0.58126,0.58134,0.58045,0.58109,0.5783193,0.5804062,0.5747054,0.569634,0.5757439999999999,0.5659679999999999,,,,,,,,,0,1
1784062800,0.58166,0.58228,0.58055,0.58216,0.5783193,0.5806098,0.5747054,0.569634,0.575932,0.5659679999999999,,,,,,,,,0,1
1784077200,0.58217,0.58259,0.58094,0.58148,0.5783193,0.5809152,0.5747054,0.569634,0.57612,0.5659679999999999,,,,,,,,,0,1
1784091600,0.58148,0.58244,0.58118,0.582,0.5811697,0.5829512,0.5772504,0.569634,0.5763079999999999,0.5659679999999999,,,,,,,,,0,1
1784106000,0.58202,0.58327,0.58131,0.58316,0.5812715,0.5829512,0.5773522,0.569634,0.576496,0.5659679999999999,,,,,,,,,0,1
1784120400,0.58318,0.58419,0.58261,0.58378,0.5812715,0.5842746,0.5777594,0.569634,0.5768719999999999,0.5659679999999999,,,,,,,,,0,1
1784134800,0.58378,0.58634,0.58376,0.58498,0.5812655,0.5841908,0.5776238,0.5695836,0.5768823999999999,0.5659856,,,,,,,,,0,0
1784149200,0.58496,0.58539,0.58402,0.5844,0.5812655,0.5846684,0.5777432,0.5695836,0.5770879999999999,0.5659856,,,,,,,,,0,0
1784163600,0.5844,0.58534,0.58342,0.58483,0.5812655,0.5853847999999999,0.577982,0.5695836,0.5770879999999999,0.5659856,,,,,,,,,0,0
1784178000,0.58484,0.58583,0.58472,0.58508,0.5812655,0.5858624,0.5782208,0.5695836,0.5772936,0.5659856,,,,,,,,,0,0
1784192400,0.58508,0.58574,0.58453,0.58458,0.5812655,0.5858624,0.5783402,0.5695836,0.5774992,0.5659856,,,,,,,,,0,0
1784206800,0.58459,0.58554,0.58354,0.58376,0.5812655,0.5858624,0.5784596,0.5695836,0.5777048,0.5659856,,,,,,,,,0,0
1784221200,0.58374,0.58432,0.58336,0.58427,0.5812655,0.5858624,0.578579,0.5695836,0.5777048,0.5659856,,,,,,,,,0,0
1784235600,0.58421,0.58464,0.58362,0.58462,0.5812655,0.5858624,0.578579,0.5695836,0.5779103999999999,0.5659856,,,,,,,,,0,0
1784250000,0.58462,0.58486,0.58328,0.58345,0.5840117,0.5858624,0.5786984000000001,0.5695836,0.578116,0.5659856,,,,,,,,,0,0
1784264400,0.58346,0.5846,0.58295,0.58295,0.5840117,0.5858624,0.5790566,0.5695836,0.5783216,0.5659856,,,,,,,,,0,0
1784278800,0.58295,0.58351,0.58251,0.58271,0.5840117,0.5858624,0.5792954,0.5695836,0.5785271999999999,0.5659856,,,,,,,,,0,0
1784293200,0.58272,0.58484,0.58254,0.5845,0.5840117,0.5858624,0.5796536,0.5695836,0.5789384,0.5659856,,,,,,,,,0,0
1784307600,0.58453,0.58464,0.58402,0.58431,0.5840117,0.5858624,0.579773,0.5695836,0.579144,0.5659856,,,,,,,,,0,0
1784494800,0.58287,0.58442,0.58266,0.58411,,,,0.5695836,0.5795551999999999,0.5659856,,,,,,,,,0,0
1784509200,0.58412,0.5861,0.5839,0.58586,,,,0.5695836,0.5799664,0.5659856,,,,,,,,,0,0
1784523600,0.58586,0.58638,0.58468,0.58544,,,,0.569591,0.580612,0.565986,,,,,,,,,0,1
1784538000,0.58542,0.58633,0.58474,0.58534,,,,0.569591,0.580818,0.565986,,,,,,,,,0,1
1784552400,0.58532,0.5855,0.58408,0.58452,,,,0.569591,0.58123,0.565986,,,,,,,,,0,1
1784566800,0.58452,0.5848,0.5838,0.58386,,,,0.569591,0.58123,0.565986,,,,,,,,,0,0
1784581200,0.58376,0.58644,0.58318,0.58604,0.5847578999999999,0.5858352,0.5840586,0.5696021,0.5814815999999999,0.5659865999999999,,,,,,,,,0,1
1784595600,0.58606,0.58726,0.58582,0.58641,0.584753,0.586064,0.58404,0.5695389999999999,0.5816752,0.56578,,,,,,,,,0,1
1784610000,0.58641,0.5867,0.58548,0.58592,0.585489,0.586386,0.584316,0.5695389999999999,0.5816752,0.56578,,,,,,,,,0,1
1784624400,0.58592,0.58641,0.58372,0.58398,0.585489,0.586386,0.584316,0.5695389999999999,0.58189,0.56578,,,,,,,,,0,0
1784638800,0.58398,0.58402,0.58226,0.58334,0.585485,0.58641,0.58401,0.5695389999999999,0.5821048,0.56578,,,,,,,,,0,0
1784653200,0.58334,0.58345,0.58255,0.58274,0.585485,0.58641,0.58391,0.5695389999999999,0.5823195999999999,0.56578,,,,,,,,,0,0
1784667600,0.5827,0.58325,0.58226,0.5832,0.585485,0.58641,0.5837600000000001,0.5695389999999999,0.5823195999999999,0.56578,,,,,,,,,0,0
1784682000,0.5832,0.58337,0.58238,0.58264,0.585485,0.58671,0.58361,0.5695389999999999,0.5825344,0.56578,,,,,,,,,0,0
1784696400,0.58264,0.58292,0.58126,0.58178,0.58549,0.58672,0.58324,0.5695389999999999,0.5825344,0.56578,,,,,,,,,0,0
1784710800,0.58179,0.58204,0.58106,0.58131,0.585493,0.5867020000000001,0.582982,0.5695389999999999,0.5825344,0.56578,,,,,,,,,0,0
1784725200,0.58132,0.58238,0.58132,0.58176,0.582393,0.585214,0.581246,0.5695389999999999,0.5823195999999999,0.56578,,,,,,,,,0,0
1784739600,0.58176,0.58186,0.58136,0.58161,0.582393,0.585214,0.581246,0.5695389999999999,0.5823195999999999,0.56578,,,,,,,,,0,0
1784754000,0.58157,0.58208,0.58088,0.58175,0.5813585,0.5850908,0.5810076,0.5695389999999999,0.5823195999999999,0.56578,,,,,,,,,0,0
1784768400,0.58174,0.58218,0.58126,0.5818,0.5813585,0.5849632,0.5810076,0.5695389999999999,0.5823195999999999,0.56578,,,,,,,,,0,0
1784782800,0.58178,0.58234,0.57936,0.57962,0.5813745,0.585048,0.581019,0.5695389999999999,0.5823195999999999,0.56578,,,,,,,,,0,0
1784797200,0.5796,0.58012,0.5772,0.57783,0.5813749,0.5853486,0.5810228000000001,0.5695389999999999,0.5823195999999999,0.56578,,,,,,,,,0,0
1784811600,0.57782,0.57816,0.57623,0.57768,0.58135895,0.5857158,0.5809729,0.5695389999999999,0.5821048,0.56578,,,,,,,,,0,0
1784826000,0.57766,0.57773,0.57676,0.57719,0.58135895,0.5858261,0.5809729,0.5695389999999999,0.5821048,0.56578,,,,,,,,,0,0
1784840400,0.57721,0.57836,0.57688,0.57835,0.58135895,0.5859364,0.5809729,0.5695389999999999,0.5821048,0.56578,,,,,,,,,0,0
1784854800,0.57835,0.57858,0.57722,0.57744,0.58135895,0.586157,0.5809729,0.5695389999999999,0.5821048,0.56578,,,,,,,,,0,0
1784869200,0.57746,0.5791,0.57742,0.57859,0.58135895,0.5863776,0.5809729,0.5695389999999999,0.5821048,0.56578,,,,,,,,,0,0
1784883600,0.57858,0.57909,0.57782,0.57797,0.58135895,0.5865982,0.5809729,0.5695389999999999,0.5821048,0.56578,,,,,,,,,0,0
1784898000,0.57798,0.58028,0.57772,0.57968,0.58135895,0.58726,0.5800905000000001,0.5695389999999999,0.58189,0.56578,,,,,,,,,0,0
1784912400,0.57969,0.57969,0.57852,0.57906,0.58135895,0.58726,0.5797596,0.5695389999999999,0.58189,0.56578,,,,,,,,,0,0
1785099600,0.58035,0.58102,0.57938,0.5802,,,,0.5695389999999999,0.58189,0.56578,,,,,,,,,0,0
1785114000,0.5802,0.5806,0.57879,0.57973,,,,0.5695389999999999,0.58189,0.56578,,,,,,,,,0,0
1785128400,0.57973,0.58085,0.5796,0.57996,,,,0.5695389999999999,0.58189,0.56578,,,,,,,,,0,0
1785142800,0.57994,0.57998,0.57848,0.57889,,,,0.5695389999999999,0.58189,0.56578,,,,,,,,,0,0
1785157200,0.57888,0.57922,0.57776,0.57818,,,,0.5695389999999999,0.5816752,0.56578,,,,,,,,,0,0
1785171600,0.57818,0.57818,0.57727,0.57744,,,,0.5695389999999999,0.5816752,0.56578,,,,,,,,,0,0
1785186000,0.57772,0.57782,0.57662,0.57734,0.577742,0.579964,0.577236,0.5695389999999999,0.5816752,0.56578,,,,,,,,,0,0
1785200400,0.57736,0.57786,0.57658,0.57666,0.5777566,0.5795992,0.57658,0.5695389999999999,0.5816752,0.56578,,,,,,,,,0,0
1785214800,0.57667,0.5777,0.57621,0.57728,0.57777325,0.579577,0.5765467,0.5777014,0.58726,0.572224,,,,,,,,,1,0
1785229200,0.5773,0.5775,0.57641,0.57725,0.57729225,0.5792884,0.5764024,0.5777014,0.58726,0.572224,,,,,,,,,1,0
1785243600,0.57723,0.57986,0.57709,0.57935,0.57729225,0.5792403,0.5764024,0.5777014,0.58726,0.5724387999999999,,,,,,,,,0,0
1785258000,0.57934,0.57947,0.57858,0.57864,0.57729225,0.5792403,0.5764024,0.5777014,0.58726,0.5726536,,,,,,,,,0,0
1785272400,0.57848,0.5789,0.57783,0.5782,0.57782135,0.5792403,0.5765467,0.5777014,0.58726,0.5728683999999999,,,,,,,,,0,0
1785286800,0.5782,0.57886,0.57745,0.57874,0.57782135,0.5791440999999999,0.5765948,0.5777014,0.58726,0.5730832,,,,,,,,,0,0
1785301200,0.57875,0.57944,0.57802,0.5784,0.57878335,0.5792403,0.5767391,0.5777014,0.58726,0.573298,,,,,,,,,0,0
1785315600,0.57838,0.57853,0.57696,0.5776,0.57782135,0.5792403,0.5768353,0.5777014,0.58726,0.5735127999999999,,,,,,,,,0,0
1785330000,0.57762,0.57867,0.5762,0.57662,0.5778147,0.5789474,0.5765856,0.5777014,0.58726,0.5739424,,,,,,,,,0,0
1785344400,0.57664,0.58269,0.57657,0.57962,0.57746555,0.5792503,0.5765894,0.5777014,0.5866156,0.574372,,,,,,,,,0,0
1785358800,0.57953,0.58081,0.57908,0.57991,0.57746555,0.5793801000000001,0.5765894,0.5777014,0.5866156,0.5745868,,,,,,,,,0,0
1785373200,0.57994,0.58128,0.57994,0.58058,0.57746555,0.5795099,0.5765245,0.5777014,0.5864008,0.5745868,,,,,,,,,0,0
1785387600,0.58058,0.58204,0.5799,0.58194,0.57746555,0.5797695,0.5765245,0.5777014,0.5864008,0.5745868,,,,,,,,,0,0
1785402000,0.58193,0.58456,0.58192,0.58351,0.5774122,0.5801292,0.5766180000000001,0.5777014,0.5864008,0.5748016,,,,,,,,,0,0
1785416400,0.58352,0.58806,0.5834,0.58774,0.5778011000000001,0.5805882,0.5765558000000001,0.5779226,0.5865004,0.5749148,,,,,,,,,0,0
1785430800,0.58773,0.58834,0.58734,0.58798,0.5777175,0.5806918,0.5765642000000001,0.5773984,0.5865351999999999,0.574804,,,,,,,,,0,0
1785445200,0.58659,0.58831,0.58659,0.58713,0.5777175,0.5809346,0.5765642000000001,0.5773984,0.5867608,0.574804,,,,,,,,,0,0
1785459600,0.58713,0.58731,0.58627,0.58676,0.5777175,0.581056,0.5764428,0.5773984,0.587212,0.5750295999999999,,,,,,,,,0,0
1785474000,0.58676,0.58885,0.58646,0.5885,0.57778125,0.5813865,0.5762,0.57766105,0.5872351,0.575008,,,,,,,,,0,0
1785488400,0.58848,0.58883,0.58554,0.58584,0.57778125,0.5820190000000001,0.5762,0.57766105,0.5874657999999999,0.575008,,,,,,,,,0,0
1785502800,0.58584,0.58799,0.58492,0.58786,0.57778125,0.5836635,0.5762,0.57766105,0.5874657999999999,0.5752387,,,,,,,,,0,0
1785517200,0.58786,0.58958,0.58783,0.58892,0.5777387,0.5843618,0.5762,0.577799,0.587914,0.5752999999999999,,,,,,,,,0,0
1785704400,0.5901,0.59084,0.58941,0.58981,,,,0.58941715,0.5903967,0.58941,,,,,,,,,0,0
1785718800,0.58982,0.59002,0.58778,0.58806,,,,0.5894171,0.59084,0.5892488,,,,,,,,,0,0
1785733200,0.58806,0.58873,0.58688,0.58698,,,,0.5893946,0.59084,0.5881472,,,,,,,,,0,0
1785747600,0.587,0.58759,0.58614,0.58704,,,,0.5868685,0.589477,0.58614,0.575485876335425,0.61014824732915,0.598594123664575,0.6217023709937249,,,,,0,0
1785762000,0.58704,0.58723,0.58611,0.58661,,,,0.5868904500000001,0.5887115,0.58611,0.575485876335425,0.61014824732915,0.598594123664575,0.6217023709937249,,,,,0,0
1785776400,0.58662,0.58725,0.58602,0.58706,,,,0.5868635,0.5885746000000001,0.5860682,0.575485876335425,0.61014824732915,0.598594123664575,0.6217023709937249,,,,,0,0
1785790800,0.58666,0.58723,0.58648,0.58668,0.5868635,0.5883818,0.5860682,0.5868635,0.5883818,0.5860682,0.575485876335425,0.61014824732915,0.598594123664575,0.6217023709937249,,,,,0,1
1785805200,0.58669,0.58712,0.58638,0.58679,0.5868635,0.5880926,0.5860682,0.5868635,0.5880926,0.5860682,0.575485876335425,0.61014824732915,0.598594123664575,0.6217023709937249,,,,,0,1
1785819600,0.58676,0.58734,0.58619,0.58706,0.5868635,0.5878516,0.5860682,0.5868635,0.5878516,0.5860682,0.575485876335425,0.61014824732915,0.598594123664575,0.6217023709937249,,,,,0,1
1785834000,0.58708,0.58896,0.58676,0.58857,0.5868635,0.5879962,0.5860682,0.5868635,0.5879962,0.5860682,0.575485876335425,0.61014824732915,0.598594123664575,0.6217023709937249,,,,,0,1
1785848400,0.58856,0.58943,0.588,0.5887,0.5868635,0.5883336,0.5860682,0.5868635,0.5883336,0.5860682,0.575485876335425,0.61014824732915,0.598594123664575,0.6217023709937249,,,,,0,1
1785862800,0.58869,0.58964,0.58868,0.5895,0.5868635,0.5885264,0.5860682,0.5868635,0.5885264,0.5860682,,,,,,,,,0,1
1785877200,0.58886,0.58963,0.58714,0.58773,0.5868635,0.5885746000000001,0.5860682,0.5868635,0.5885746000000001,0.5860682,,,,,,,,,0,0
1785891600,0.58774,0.58816,0.58659,0.58716,0.5868635,0.5884782000000001,0.5861164,0.5868635,0.5884782000000001,0.5861164,,,,,,,,,0,0
1785906000,0.58714,0.58756,0.58602,0.58604,0.5868635,0.5883336,0.5860682,0.5868635,0.5883336,0.5860682,,,,,,,,,0,0
1785920400,0.58602,0.58768,0.58598,0.58678,0.5871221,0.5882642,0.5860772,0.5871221,0.5882642,0.5860772,0.5843228089682335,0.5916943820635329,0.5892371910317664,0.5882642,,,,,0,0
1785934800,0.58678,0.58864,0.58678,0.58788,0.5871221,0.5882642,0.5861257999999999,0.5871221,0.5882642,0.5861257999999999,0.5843228089682335,0.5916943820635329,0.5892371910317664,0.5882642,,,,,0,0
1785949200,0.58791,0.58926,0.58778,0.58877,0.5871221,0.5883128,0.5861257999999999,0.5871221,0.5883128,0.5861257999999999,0.5843228089682335,0.5916943820635329,0.5892371910317664,0.5882642,,,,,0,0
1785963600,0.58858,0.58896,0.58808,0.58824,0.5871221,0.5883614,0.5861257999999999,0.5871221,0.5883614,0.5861257999999999,0.5843348905764547,0.5916943820635329,0.5892371910317664,0.5882642,,,,,0,0
1785978000,0.58825,0.58956,0.58788,0.58804,0.5871221,0.5884585999999999,0.5861257999999999,0.5871221,0.5884585999999999,0.5861257999999999,0.5846266841067079,0.5916943820635329,0.5892371910317664,0.5882642,,,,,0,0
1785992400,0.58803,0.58827,0.58696,0.58783,0.5871221,0.5884585999999999,0.5861744,0.5871221,0.5884585999999999,0.5861744,0.5846983495276573,0.5916943820635329,0.5892371910317664,0.5882642,,,,,0,0
1786006800,0.58781,0.5885,0.58757,0.58791,0.5871221,0.5885558,0.5863687999999999,0.5871221,0.5885558,0.5863687999999999,0.5848463245613961,0.5916943820635329,0.5892371910317664,0.5882642,,,,,0,0
1786021200,0.58792,0.58824,0.5861,0.58675,0.5871221,0.5885072,0.5863687999999999,0.5871221,0.5885072,0.5863687999999999,0.5848463245613961,0.5916943820635329,0.5892371910317664,0.5882642,,,,,0,0
1786035600,0.58675,0.58746,0.58652,0.58694,0.5871221,0.5884585999999999,0.5863687999999999,0.5871221,0.5884585999999999,0.5863687999999999,0.5848463245613961,0.5916943820635329,0.5892371910317664,0.5882642,,,,,0,0
1786050000,0.58722,0.58722,0.58628,0.58662,0.5871221,0.5883614,0.5862716,0.5871221,0.5883614,0.5862716,0.5848463245613961,0.5916943820635329,0.5892371910317664,0.5882642,,,,,0,0
1786064400,0.58664,0.58705,0.58626,0.58643,0.5869763,0.5883128,0.5862229999999999,0.5869763,0.5883128,0.5862229999999999,0.5848463245613961,0.5916943820635329,0.5892371910317664,0.5882642,,,,,0,0
1786078800,0.58642,0.58716,0.58626,0.58713,0.5869763,0.5882642,0.5862229999999999,0.5869763,0.5882642,0.5862229999999999,0.5848463245613961,0.5916943820635329,0.5892371910317664,0.5882642,,,,,0,0
1786093200,0.58714,0.59063,0.5866,0.58976,0.5869763,0.5883128,0.5862229999999999,0.5869763,0.5883128,0.5862229999999999,,,,,,,,,0,0
1786107600,0.58976,0.58991,0.58816,0.58917,0.5869763,0.5884585999999999,0.5862229999999999,0.5869763,0.5884585999999999,0.5862229999999999,,,,,,,,,0,0
1786122000,0.58916,0.5902,0.58904,0.58947,0.5869763,0.5885072,0.5862229999999999,0.5869763,0.5885072,0.5862229999999999,,,,,,,,,0,0
1786309200,0.58925,0.59002,0.58825,0.58847,,,,0.5869763,0.5886044,0.5862229999999999,,,,,,,,,0,0
1786323600,0.58848,0.58882,0.58786,0.58866,,,,0.5869763,0.5886044,0.5862229999999999,,,,,,,,,0,0
1786338000,0.58864,0.58975,0.58862,0.58952,,,,0.5869763,0.588653,0.5862229999999999,,,,,,,,,0,0
1786352400,0.58952,0.58996,0.58827,0.5884,,,,0.5869763,0.5887016,0.5862229999999999,,,,,,,,,0,0
1786366800,0.58843,0.58932,0.58791,0.58857,,,,0.5869763,0.5887016,0.5862229999999999,,,,,,,,,0,0
1786381200,0.5886,0.58863,0.58808,0.58817,,,,0.5869763,0.5887016,0.5862229999999999,,,,,,,,,0,0
1786395600,0.58816,0.58894,0.58799,0.58846,0.5886268,0.5891776,0.588076,0.5869763,0.5887016,0.5862229999999999,,,,,,,,,0,0
1786410000,0.58847,0.58936,0.58813,0.58928,0.5886268,0.5891992,0.5881192000000001,0.5869763,0.5887016,0.5862229999999999,,,,,,,,,0,0
1786424400,0.5893,0.58944,0.58684,0.58724,0.5886049,0.5892886,0.588112,0.5869763,0.5887016,0.5862229999999999,,,,,,,,,0,0
1786438800,0.58722,0.58873,0.58702,0.58827,0.5886049,0.5893204,0.5880484,0.5870249,0.588653,0.5862229999999999,,,,,,,,,0,0
1786453200,0.58827,0.58879,0.58768,0.58824,0.5886049,0.589225,0.5879848,0.5881427,0.5893334,0.5868548,,,,,,,,,0,0
1786467600,0.58825,0.58837,0.58766,0.58808,0.5886049,0.5891614,0.5878894,0.5881427,0.5893334,0.5868548,,,,,,,,,0,0
1786482000,0.58815,0.58846,0.58744,0.58764,0.5882551,0.5891296,0.5878576,0.5881427,0.5892848,0.5868548,,,,,,,,,0,0
1786496400,0.58764,0.5877,0.58654,0.58682,0.5882626,0.5892544,0.5878276,0.5881427,0.5889932,0.5866604,,,,,,,,,0,0
1786510800,0.58681,0.58692,0.58606,0.5861,0.5882578,0.5893468,0.5877628,0.5881427,0.5889932,0.5866604,,,,,,,,,0,0
1786525200,0.58612,0.58828,0.58556,0.58823,0.5882583,0.589351,0.5875224,0.5881736,0.588992,0.586616,,,,,,,,,0,0
1786539600,0.58824,0.58854,0.5855,0.58572,0.5882798,0.589342,0.587308,0.5882501,0.5888642000000001,0.5865146,,,,,,,,,0,0
1786554000,0.58572,0.58599,0.58546,0.58586,0.5882644,0.589336,0.5871928,0.5881769,0.5889570000000001,0.5865897999999999,,,,,,,,,0,0
1786568400,0.58609,0.58635,0.5856,0.58599,0.5882644,0.589336,0.5870103999999999,0.5881769,0.5889570000000001,0.586536,,,,,,,,,0,0
1786582800,0.58598,0.58609,0.58266,0.58316,0.5882904,0.5894311999999999,0.5868552,0.5882633,0.5888768,0.5864228,,,,,,,,,0,0
1786597200,0.58316,0.58368,0.58216,0.58338,0.5882515,0.5893912,0.5865616,0.5882794,0.5888436,0.5863264,,,,,,,,,0,0
1786611600,0.58337,0.58546,0.58332,0.58546,0.5882515,0.5894698,0.5864044,0.5882794,0.5889304000000001,0.5863264,,,,,,,,,0,0
1786626000,0.58546,0.58574,0.58431,0.58478,0.5882515,0.5894698,0.58609,0.5882794,0.5890172,0.5863264,,,,,,,,,0,0
1786640400,0.58478,0.58516,0.58456,0.58507,0.5882515,0.5894698,0.5859328,0.5882794,0.5890172,0.5863264,,,,,,,,,0,0
1786654800,0.58491,0.586,0.58469,0.58598,0.5882515,0.5894698,0.5858542,0.5882794,0.5890172,0.5863264,,,,,,,,,0,0
1786669200,0.58594,0.58686,0.5853,0.58663,0.5882515,0.5893912,0.5857756,0.5882794,0.5890172,0.5862396,,,,,,,,,0,0
1786683600,0.58665,0.58789,0.58654,0.58764,0.5882515,0.5893912,0.5858542,0.5882794,0.5889304000000001,0.5862396,,,,,,,,,0,0
1786698000,0.58764,0.58974,0.5876,0.58895,0.5882515,0.5894698,0.5859328,0.5882794,0.5890172,0.5863264,,,,,,,,,0,0
1786712400,0.58896,0.58984,0.58855,0.58895,0.5882515,0.5897842,0.5861686,0.5882794,0.5890172,0.5862396,,,,,,,,,0,0
1786726800,0.58896,0.58912,0.58844,0.5891,0.5882515,0.5897842,0.5862472,0.5882794,0.5891040000000001,0.5863264,,,,,,,,,0,0
1786914000,0.58898,0.59096,0.58855,0.59088,,,,0.588276,0.5891120000000001,0.586296,,,,,,,,,0,0
1786928400,0.59089,0.59111,0.59016,0.59092,,,,0.58820125,0.589141,0.586277,,,,,,,,,0,0
1786942800,0.59092,0.59253,0.59092,0.59206,,,,0.58822645,0.5892116000000001,0.586308,,,,,,,,,0,0
1786957200,0.59206,0.59262,0.59118,0.59171,,,,0.5882791,0.5892728,0.5862394,,,,,,,,,0,0
1786971600,0.59172,0.59215,0.5905,0.5908,,,,0.5882791,0.5892728,0.5862394,,,,,,,,,0,0
1786986000,0.59081,0.59084,0.58984,0.59016,,,,0.5882791,0.5893774,0.5862394,,,,,,,,,0,0
1787000400,0.59022,0.59091,0.58991,0.59037,0.59048325,0.591806,0.5898931000000001,0.5882791,0.5893774,0.5862394,,,,,,,,,0,0
1787014800,0.59038,0.59082,0.58792,0.5882,0.5904815,0.592009,0.589894,0.5882791,0.5893774,0.5862394,,,,,,,,,0,0
1787029200,0.5882,0.5882,0.58722,0.5878,0.590487,0.59235,0.589866,0.5881745,0.5893774,0.5862394,,,,,,,,,0,0
1787043600,0.58778,0.58895,0.58762,0.58876,0.590487,0.592566,0.589596,0.5881745,0.5893774,0.5862394,,,,,,,,,0,0
1787058000,0.58876,0.58926,0.58744,0.58762,0.590487,0.592566,0.588786,0.5881745,0.5892728,0.5862394,,,,,,,,,0,0
1787072400,0.58762,0.58768,0.58708,0.58749,0.5876063,0.5909026000000001,0.58708,0.5881745,0.5892728,0.5862394,,,,,,,,,0,0
1787086800,0.58778,0.58789,0.58612,0.58612,0.5876475,0.5909300000000001,0.5870299999999999,0.5881745,0.5892728,0.5862394,,,,,,,,,0,0
1787101200,0.58612,0.58752,0.58605,0.58714,0.58746255,0.5907147,0.58605,0.5881745,0.5892728,0.5862394,,,,,,,,,0,0
1787115600,0.58714,0.588,0.58682,0.58766,0.58746255,0.5905833,0.58605,0.5881745,0.5892728,0.5862394,,,,,,,,,0,0
1787130000,0.58766,0.59056,0.5875,0.5901,0.58752825,0.5905176,0.5861156999999999,0.5881745,0.5892728,0.5862394,,,,,,,,,0,0
1787144400,0.5901,0.59379,0.5901,0.5933,0.5874819,0.5908488000000001,0.58605,0.5881494500000001,0.5893706000000001,0.5862305,,,,,,,,,0,0
1787158800,0.59332,0.59382,0.59238,0.59354,0.58748745,0.5911782,0.58605,0.5881649,0.5895058,0.586241,,,,,,,,,0,0
1787173200,0.59304,0.59406,0.59286,0.59358,0.58753185,0.5913366,0.58605,0.5881695,0.589538,0.586206,,,,,,,,,0,0
1787187600,0.59359,0.59574,0.59315,0.5951,0.58745505,0.5917671,0.58605,0.5882031,0.5894932,0.5860982,,,,,,,,,0,0
1787202000,0.5951,0.59566,0.5949,0.5954,0.58745505,0.5920578,0.58605,0.5882031,0.5896290000000001,0.5860982,,,,,,,,,0,0
1787216400,0.59541,0.59644,0.59403,0.59535,0.5874526499999999,0.5925957,0.58605,0.588229,0.5897284,0.5860156,,,,,,,,,0,0
1787230800,0.59536,0.59606,0.59396,0.59418,0.5874526499999999,0.5932191,0.58605,0.588229,0.5898712,0.5860156,,,,,,,,,0,0
1787245200,0.59418,0.59444,0.59368,0.59436,0.5874526499999999,0.5934269,0.58605,0.588229,0.5898712,0.5860156,,,,,,,,,0,0
1787259600,0.59428,0.59592,0.59396,0.5956,0.5874526499999999,0.5936347,0.58605,0.588229,0.590014,0.5860156,,,,,,,,,0,0
1787274000,0.5956,0.59738,0.59556,0.5967,0.58746625,0.5938677,0.58605,0.5881719,0.5900744,0.5859650000000001,,,,,,,,,0,0
1787288400,0.59671,0.59798,0.59634,0.59788,0.5875412499999999,0.5941624,0.58605,0.5882507,0.59007,0.5859567999999999,,,,,,,,,0,0
1787302800,0.59789,0.5988,0.59747,0.59826,0.58751625,0.5943375,0.58605,0.5882336,0.5903136,0.5859872,,,,,,,,,0,0
1787317200,0.59828,0.59846,0.59684,0.59812,0.58751625,0.5948475,0.58605,0.5882336,0.5906464,0.5859872,,,,,,,,,0,0
1787331600,0.59813,0.5985,0.59772,0.5979,0.58751625,0.594975,0.58605,0.5882336,0.5906464,0.5859872,,,,,,,,,0,0
1787518800,0.59728,0.59826,0.59682,0.59818,,,,0.5882336,0.5908128,0.5859872,,,,,,,,,0,0
1787533200,0.5982,0.59826,0.59697,0.59749,,,,0.5882336,0.5909792,0.5859872,,,,,,,,,0,0
1787547600,0.59751,0.5977,0.59616,0.59662,,,,0.5882336,0.5909792,0.5858208,,,,,,,,,0,0
1787562000,0.59662,0.59708,0.59592,0.59646,,,,0.5882336,0.5909792,0.585488,,,,,,,,,0,0
1787576400,0.59647,0.59697,0.59551,0.59576,,,,0.5882336,0.5909792,0.5853216,,,,,,,,,0,0
1787590800,0.59579,0.59608,0.5951,0.59592,,,,0.5882336,0.5911456,0.5851552,,,,,,,,,0,0
1787605200,0.5957,0.5968,0.59556,0.59644,0.5969802,0.5972488,0.5955423999999999,0.5882336,0.5913120000000001,0.5851552,,,,,,,,,0,0
1787619600,0.59642,0.59644,0.59564,0.59566,0.5959057999999999,0.5971223999999999,0.5955423999999999,0.5882336,0.5914784,0.5851552,,,,,,,,,0,0
1787634000,0.59566,0.59592,0.59464,0.59546,0.5959251,0.5972464,0.5955088,0.5882336,0.5918112,0.5851552,,,,,,,,,0,0
1787648400,0.59544,0.59702,0.59538,0.59651,0.5959251,0.5971016,0.5954725999999999,0.5882336,0.592144,0.5851552,,,,,,,,,0,0
1787662800,0.5965,0.59744,0.59624,0.59694,0.5962509,0.5971377999999999,0.595545,0.5882336,0.5924768,0.5851552,,,,,,,,,0,0
1787677200,0.59694,0.59826,0.59664,0.59773,0.5969749,0.5972826,0.5956174,0.5882336,0.5926432,0.5851552,,,,,,,,,0,0
1787691600,0.59766,0.59803,0.59658,0.59754,0.5969749,0.5973188,0.5956174,0.5882336,0.5926432,0.5848224,,,,,,,,,0,0
1787706000,0.59754,0.59768,0.59524,0.59536,0.5969749,0.5973188,0.5956174,0.5882336,0.5926432,0.5844896,,,,,,,,,0,0
1787720400,0.59537,0.5961,0.59444,0.59561,0.5969803,0.5973432,0.5955478,0.5882336,0.5928096,0.5841568,,,,,,,,,0,0
1787734800,0.59562,0.59634,0.59456,0.5946,0.5959107,0.5973432,0.5955096,0.5882336,0.5931424,0.5841568,,,,,,,,,0,0
1787749200,0.5946,0.59492,0.59328,0.59392,0.5959443,0.5974632,0.5954214,0.5882336,0.5934752,0.5841568,,,,,,,,,0,0
1787763600,0.59393,0.59452,0.5939,0.59441,0.5959443,0.597513,0.5953716,0.5882336,0.5934752,0.5841568,,,,,,,,,0,0
1787778000,0.59421,0.59508,0.59416,0.59482,0.5959443,0.5976624,0.5953716,0.5882336,0.5936416,0.5841568,,,,,,,,,0,0
1787792400,0.59482,0.59551,0.5945,0.59516,0.5959443,0.5976624,0.5952222,0.5882336,0.593808,0.5841568,,,,,,,,,0,0
1787806800,0.59519,0.5952,0.59402,0.59423,0.5959443,0.5974632,0.5949234,0.5882336,0.5939744,0.5841568,,,,,,,,,0,0
1787821200,0.59424,0.5952,0.59371,0.59472,0.5959443,0.5974632,0.5948238,0.5882336,0.5941408,0.5841568,,,,,,,,,0,0
1787835600,0.59472,0.59572,0.59456,0.59516,0.5959443,0.5971146,0.5945748000000001,0.5882336,0.5941408,0.5841568,,,,,,,,,0,0
1787850000,0.59518,0.59528,0.59461,0.5951,0.5959443,0.5971146,0.5946246000000001,0.5882336,0.5943072,0.5841568,,,,,,,,,0,0
1787864400,0.59488,0.59574,0.59476,0.59556,0.5956455,0.5971146,0.5946246000000001,0.5882336,0.5943072,0.5841568,,,,,,,,,0,0
1787878800,0.59557,0.5966,0.59544,0.59578,0.5956455,0.5971146,0.5946744,0.5882336,0.5944736,0.5841568,,,,,,,,,0,0
1787893200,0.59579,0.5962,0.595,0.59504,0.5956455,0.5969652,0.5945748000000001,0.5882336,0.5944736,0.5841568,,,,,,,,,0,0
1787907600,0.59503,0.5954,0.5943,0.59496,0.5956455,0.5969154,0.594525,0.5882336,0.5944736,0.5841568,,,,,,,,,0,0
1787922000,0.59496,0.59618,0.59048,0.59091,0.5956537000000001,0.5970152,0.5944478,0.5882336,0.5946400000000001,0.5844896,,,,,,,,,0,0
1787936400,0.5909,0.59146,0.59067,0.59134,0.5956537000000001,0.597093,0.5943700000000001,0.5882336,0.5946400000000001,0.5844896,,,,,,,,,0,0
1788123600,0.59245,0.59272,0.59116,0.59152,,,,0.5882336,0.5946400000000001,0.5846560000000001,,,,,,,,,0,0
1788138000,0.59152,0.59222,0.59016,0.59198,,,,0.5882336,0.5944736,0.5846560000000001,,,,,,,,,0,0
1788152400,0.59198,0.5922,0.59127,0.59144,,,,0.5882336,0.5944736,0.5846560000000001,,,,,,,,,0,0
1788166800,0.59146,0.59196,0.5909,0.59134,,,,0.5882336,0.5944736,0.5846560000000001,,,,,,,,,0,0
1788181200,0.59134,0.5922,0.59096,0.59189,,,,0.5882336,0.5944736,0.5846560000000001,,,,,,,,,0,0
1788195600,0.59188,0.59196,0.59146,0.59164,,,,0.5882336,0.5944736,0.5846560000000001,,,,,,,,,0,0
1788210000,0.59148,0.59291,0.59112,0.59204,0.5914662500000001,0.592195,0.59126,0.59112895,0.5923551,0.59112,,,,,,,,,0,0
1788224400,0.59203,0.59208,0.59058,0.59078,0.5914662500000001,0.5920850000000001,0.591095,0.5911275500000001,0.5920945000000001,0.5909062,,,,,,,,,0,0
1788238800,0.59078,0.59136,0.58942,0.58946,0.5914616500000001,0.5921422000000001,0.5909556,0.59111265,0.5921073,0.5903972000000001,,,,,,,,,0,0
1788253200,0.58945,0.59026,0.58902,0.59025,0.59145125,0.5922098,0.5906927,0.5911011500000001,0.5920931,0.589798,,,,,,,,,0,0
1788267600,0.59026,0.59119,0.58916,0.58922,0.59145125,0.5922098,0.5903426,0.5911011500000001,0.5913929,0.5894479,,,,,,,,,0,0
1788282000,0.58922,0.58966,0.58874,0.58913,0.5914713500000001,0.5922011,0.5901578000000001,0.5894280500000001,0.5910335,0.5889902,,,,,,,,,0,0
1788296400,0.5894,0.58956,0.58881,0.58915,0.5914713500000001,0.5922011,0.5899493,0.5894280500000001,0.5908667000000001,0.5887817000000001,,,,,,,,,0,0
1788310800,0.58916,0.58975,0.58294,0.58296,0.5914643500000001,0.5922121,0.5894205,0.58937065,0.5914145000000001,0.5887226,,,,,,,,,0,0
1788325200,0.58296,0.5849,0.5809,0.5809,0.59140875,0.5923095,0.5891869000000001,0.58936705,0.59291,0.5887065,,,,,,,,,0,0
1788339600,0.5809,0.58334,0.58022,0.58212,0.5914506500000001,0.5922755000000001,0.5887223,0.58942025,0.59291,0.5855498,,,,,,,,,0,0
1788354000,0.58209,0.58522,0.58197,0.58456,0.5914506500000001,0.59291,0.5859305,0.58942025,0.59291,0.5841539,,,,,,,,,0,0
1788368400,0.58456,0.58548,0.58416,0.58511,0.5914506500000001,0.59291,0.5850422,0.58942025,0.59291,0.5842807999999999,,,,,,,,,0,0
1788382800,0.58414,0.58568,0.58379,0.58542,0.5914506500000001,0.59291,0.5849153,0.58942025,0.59291,0.5842807999999999,,,,,,,,,0,0
1788397200,0.58542,0.58696,0.58526,0.58649,0.5914506500000001,0.59291,0.5851691,0.58942025,0.59291,0.5844077,,,,,,,,,0,0
1788411600,0.5865,0.58692,0.58486,0.58636,0.5914506500000001,0.59291,0.585296,0.58942025,0.59291,0.5846615,,,,,,,,,0,0
1788426000,0.58637,0.58838,0.5859,0.58806,0.5914506500000001,0.59291,0.5854229,0.58942025,0.59291,0.5849153,,,,,,,,,0,0
1788440400,0.58807,0.5892,0.58658,0.58888,0.5914506500000001,0.5922755000000001,0.5855498,0.58916645,0.5913872,0.5847884,,,,,,,,,0,0
1788454800,0.58888,0.58896,0.58787,0.58812,0.5914506500000001,0.5922755000000001,0.5855498,0.58916645,0.590372,0.5837732,,,,,,,,,0,0
1788469200,0.58709,0.5894,0.58709,0.58907,0.5914506500000001,0.5922755000000001,0.5856767,0.58916645,0.590372,0.584027,,,,,,,,,0,0
1788483600,0.58908,0.59011,0.58886,0.58962,0.58916645,0.5913872,0.5841539,0.58916645,0.590372,0.5841539,,,,,,,,,0,0
1788498000,0.58962,0.59023,0.58808,0.58822,0.58916645,0.5912603000000001,0.5841539,0.58916645,0.590372,0.5842807999999999,,,,,,,,,0,0
1788512400,0.58822,0.58922,0.58581,0.58712,0.58916645,0.5911334,0.5841539,0.58916645,0.590372,0.5845346,,,,,,,,,0,0
1788526800,0.58713,0.58932,0.58665,0.58894,0.58916645,0.5910065,0.5841539,0.58916645,0.590372,0.5847884,,,,,,,,,0,0
1788541200,0.58892,0.58893,0.5879,0.58808,0.58916645,0.5910065,0.5841539,0.58916645,0.590372,0.5849153,,,,,,,,,0,0
1788728400,0.58812,0.5884,0.58766,0.588,,,,0.58916645,0.590372,0.5849153,,,,,,,,,0,0
1788742800,0.58801,0.58806,0.58664,0.58756,,,,0.58916645,0.590372,0.5850422,,,,,,,,,0,0
1788757200,0.58754,0.58888,0.58704,0.58821,,,,0.58891265,0.590372,0.5851691,,,,,,,,,0,0
1788771600,0.5882,0.58846,0.58745,0.58778,,,,0.58802435,0.590372,0.5851691,,,,,,,,,0,0
1788786000,0.58779,0.58842,0.58766,0.58791,,,,0.58802435,0.590372,0.585296,,,,,,,,,0,0
1788800400,0.58792,0.58792,0.5876,0.58784,,,,0.58802435,0.590372,0.585296,,,,,,,,,0,0
1788814800,0.58745,0.58862,0.5874,0.58786,0.5876592,0.588432,0.5875360000000001,0.58802435,0.590372,0.5854229,,,,,,,,,0,0
1788829200,0.58787,0.58812,0.58504,0.5859,0.5876703999999999,0.5884959999999999,0.5873056,0.58802435,0.5902451000000001,0.585296,,,,,,,,,0,0
1788843600,0.5859,0.58664,0.5836,0.58396,0.5876391999999999,0.5886688,0.5866624,0.58802435,0.5901182,0.5851691,,,,,,,,,0,0
1788858000,0.58396,0.58548,0.58385,0.58547,0.5876391999999999,0.5886688,0.5858175999999999,0.58802435,0.5901182,0.5850422,,,,,,,,,0,0
1788872400,0.58548,0.58632,0.58494,0.58538,0.5876391999999999,0.5886688,0.5855536,0.58802435,0.5897375,0.5847884,,,,,,,,,0,0
1788886800,0.58539,0.58613,0.58528,0.58532,0.5876391999999999,0.5886688,0.5855536,0.58802435,0.5897375,0.5847884,,,,,,,,,0,0
1788901200,0.58496,0.58624,0.58496,0.58622,0.5876391999999999,0.5886688,0.5855008,0.58802435,0.5897375,0.5849153,,,,,,,,,0,0
1788915600,0.58622,0.58634,0.58526,0.58564,0.5852632,0.5876656,0.5838112,0.58802435,0.5897375,0.5849153,,,,,,,,,0,0
1788930000,0.58562,0.58654,0.58434,0.58443,0.5852632,0.5875072,0.5838112,0.58802435,0.5897375,0.5849153,,,,,,,,,0,0
1788944400,0.58444,0.58572,0.58302,0.58535,0.5852761,0.5875322,0.5838403999999999,0.58802435,0.5897375,0.5849153,,,,,,,,,0,0
1788958800,0.58534,0.58573,0.58368,0.58414,0.5852761,0.5872392,0.5836646,0.58523255,0.5892299,0.5841539,,,,,,,,,0,0
1788973200,0.58412,0.58443,0.58352,0.58384,0.5852761,0.5870048,0.5834888,0.58523255,0.5889761,0.5837732,,,,,,,,,0,0
1788987600,0.58362,0.58476,0.58356,0.58448,0.5852761,0.5867703999999999,0.5834888,0.58523255,0.5889761,0.5837732,,,,,,,,,0,0
1789002000,0.58447,0.58546,0.5843,0.58482,0.5852761,0.5865946,0.5835473999999999,0.58523255,0.5888492000000001,0.5837732,,,,,,,,,0,0
1789016400,0.58482,0.58569,0.58432,0.58464,0.5852761,0.5864188,0.5835473999999999,0.58523255,0.5888492000000001,0.5837732,,,,,,,,,0,0
1789030800,0.58462,0.58474,0.57996,0.58044,0.5852674,0.5868284,0.5834388,0.5853342500000001,0.5888955,0.5837155,,,,,,,,,0,0
1789045200,0.58047,0.58116,0.57976,0.5805,0.5852776,0.5876944,0.5834992,0.58521725,0.5892280000000001,0.5838365000000001,,,,,,,,,0,0
1789059600,0.5805,0.58081,0.57934,0.5797,0.5853025,0.5878306,0.5834421999999999,0.58524295,0.5892461,0.5836824,,,,,,,,,0,0
1789074000,0.58022,0.5815,0.57954,0.5815,0.5853025,0.587926,0.5834421999999999,0.58524295,0.5893818000000001,0.5836824,,,,,,,,,0,0
1789088400,0.58148,0.58294,0.58084,0.58266,0.5853025,0.5882122,0.5834421999999999,0.58524295,0.5895175,0.5836824,,,,,,,,,0,0
1789102800,0.58265,0.58352,0.58229,0.58232,0.5853025,0.5866857999999999,0.5807709999999999,0.58524295,0.5897889000000001,0.5836824,,,,,,,,,0,0
1789117200,0.58232,0.58282,0.58025,0.58281,0.5853025,0.5863995999999999,0.5807709999999999,0.58524295,0.5897889000000001,0.583411,,,,,,,,,0,0
1789131600,0.5828,0.58293,0.58101,0.58168,0.5853025,0.5863995999999999,0.5808664,0.58524295,0.5897889000000001,0.5830039,,,,,,,,,0,0
1789146000,0.58166,0.58196,0.5811,0.58133,0.5853025,0.5863995999999999,0.5809618,0.58524295,0.5897889000000001,0.5828682,,,,,,,,,0,0
1789333200,0.58143,0.5819,0.5796,0.5799,,,,0.58524295,0.5897889000000001,0.5827325,,,,,,,,,0,0
1789347600,0.57988,0.5799,0.57814,0.57844,,,,0.5853034500000001,0.5898083000000001,0.582571,,,,,,,,,0,0
1789362000,0.57842,0.57886,0.57678,0.5771,,,,0.58524825,0.5898453,0.5825868,,,,,,,,,0,0
1789376400,0.5771,0.57782,0.57596,0.57606,,,,0.5851977500000001,0.589859,0.5824010000000001,,,,,,,,,0,0
1789390800,0.57606,0.5789,0.57572,0.57876,,,,0.58526045,0.5898158,0.5820803,,,,,,,,,0,0
1789405200,0.57874,0.57876,0.57744,0.57788,,,,0.58526045,0.5898158,0.5820803,,,,,,,,,0,0
1789419600,0.57794,0.57839,0.57736,0.5776,0.5774195,0.5788717999999999,0.5764616,0.58526045,0.5898158,0.5819084,,,,,,,,,0,0
1789434000,0.57761,0.57764,0.5752,0.57554,0.5774445,0.578818,0.576272,0.5852061500000001,0.5898993,0.5817527,,,,,,,,,0,0
1789448400,0.57554,0.57702,0.57539,0.57668,0.5774445,0.578617,0.575937,0.5852061500000001,0.5898993,0.5815756000000001,,,,,,,,,0,0
1789462800,0.57668,0.57698,0.57554,0.57586,0.5767745000000001,0.578282,0.575669,0.5852061500000001,0.5898993,0.5813985,,,,,,,,,0,0
1789477200,0.57586,0.57648,0.57504,0.57618,0.5759661,0.5780584,0.575383,0.5853152500000001,0.5898721,0.5812945,,,,,,,,,0,0
1789491600,0.57618,0.57625,0.5756,0.5758,0.5759661,0.5779898,0.575383,0.5853152500000001,0.5898721,0.5811158,,,,,,,,,0,0
1789506000,0.57579,0.57647,0.57399,0.57428,0.57592795,0.5781032,0.5753347,0.5852474000000001,0.5902612,0.5813688,,,,,,,,,0,0
1789520400,0.57427,0.57498,0.57362,0.57444,0.5759798,0.5783396,0.5753588000000001,0.58529045,0.5898236,0.5809502000000001,,,,,,,,,0,0
1789534800,0.57444,0.57589,0.5744,0.57554,0.5759798,0.5783396,0.5751932,0.58529045,0.5898236,0.5807573,,,,,,,,,0,0
1789549200,0.57554,0.57656,0.5751,0.5758,0.5759798,0.5780912,0.5750276,0.58529045,0.5898236,0.5807573,,,,,,,,,1,0
1789563600,0.57578,0.57641,0.57536,0.57582,0.5759798,0.5779256,0.5750276,0.58529045,0.5898236,0.5805644,,,,,,,,,1,0
1789578000,0.57582,0.57682,0.57034,0.57133,0.5759466,0.5783164,0.5749639999999999,0.58534905,0.5897502,0.5798194,,,,,,,,,0,0
1789592400,0.57141,0.57286,0.57098,0.57112,0.5759466,0.5785475999999999,0.5749639999999999,0.58534905,0.5899759,0.5798194,,,,,,,,,0,0
1789606800,0.57112,0.57288,0.57104,0.57278,0.5759466,0.5787787999999999,0.5747327999999999,0.58534905,0.5902016,0.5798194,,,,,,,,,0,0
1789621200,0.57278,0.57418,0.57239,0.57351,0.5759466,0.5787787999999999,0.574386,0.58534905,0.5902016,0.5795937,,,,,,,,,0,0
1789635600,0.57352,0.57507,0.5732,0.57424,0.5759466,0.578432,0.5739236,0.58534905,0.5904273,0.5795937,,,,,,,,,0,0
1789650000,0.57422,0.5746,0.57288,0.573,0.5759466,0.5777384,0.5731143999999999,0.58534905,0.5908787000000001,0.5795937,,,,,,,,,0,0
1789664400,0.573,0.57342,0.57282,0.57327,0.5759466,0.5775072,0.5727675999999999,0.58534905,0.5911044000000001,0.5795937,,,,,,,,,0,0
1789678800,0.57324,0.57366,0.57211,0.57216,0.5759466,0.5770447999999999,0.5723052,0.58534905,0.5913301000000001,0.5795937,,,,,,,,,0,0
1789693200,0.57214,0.57408,0.5716,0.57296,0.5759466,0.5770447999999999,0.5723052,0.58534905,0.5915558000000001,0.579368,,,,,,,,,0,0
1789707600,0.57296,0.57303,0.57163,0.57204,0.5759466,0.5770447999999999,0.5721896,0.58534905,0.5922329000000001,0.5791423,,,,,,,,,0,0
1789722000,0.57204,0.57228,0.57066,0.5711,0.5759466,0.5770447999999999,0.5719584,0.58534905,0.5922329000000001,0.5784652,,,,,,,,,0,0
1789736400,0.5711,0.572,0.5706,0.5719,0.5759466,0.5770447999999999,0.5718428,0.58534905,0.5922329000000001,0.5782395,,,,,,,,,0,0
1789750800,0.57188,0.57261,0.57188,0.57232,0.5759466,0.5770447999999999,0.5718428,0.58534905,0.5922329000000001,0.5780138,,,,,,,,,0,0
1789938000,0.5722,0.57264,0.57182,0.57182,,,,0.58534905,0.5922329000000001,0.5777881,,,,,,,,,0,0
1789952400,0.57186,0.57278,0.5716,0.57234,,,,0.58534905,0.5922329000000001,0.5775624,,,,,,,,,0,0
1789966800,0.57234,0.57322,0.57134,0.57276,,,,0.58534905,0.5922329000000001,0.5775624,,,,,,,,,0,0
1789981200,0.57276,0.57386,0.57244,0.5731,,,,0.58534905,0.5922329000000001,0.5773367,,,,,,,,,0,0
1789995600,0.57307,0.57314,0.57163,0.57208,,,,0.58534905,0.5922329000000001,0.5773367,,,,,,,,,0,0